{"cameraMode":{"drawMode":0,"name":"Shaded","section":"Shading Mode"},"sceneLighting":false,"audioPlay":false,"sceneViewState":{"m_AlwaysRefresh":false,"showFog":true,"showSkybox":false,"showFlares":true,"showImageEffects":true,"showParticleSystems":true,"showVisualEffectGraphs":true,"m_FxEnabled":true},"in2DMode":false,"pivot":{"x":0.20213958621025086,"y":0.5999999642372131,"z":-0.5999999642372131},"rotation":{"x":-0.6078075170516968,"y":0.012853133492171765,"z":-0.009853893890976906,"w":-0.7938974499702454},"size":1.2962809801101685,"orthographic":false}