{"cameraMode":{"drawMode":0,"name":"Shaded","section":"Shading Mode"},"sceneLighting":true,"audioPlay":false,"sceneViewState":{"m_AlwaysRefresh":false,"showFog":true,"showSkybox":true,"showFlares":true,"showImageEffects":true,"showParticleSystems":true,"showVisualEffectGraphs":true,"m_FxEnabled":true},"in2DMode":false,"pivot":{"x":1.007616400718689,"y":5.852011203765869,"z":-3.2965176105499269},"rotation":{"x":-0.5454171895980835,"y":0.0020147713366895916,"z":-0.0013026937376707793,"w":-0.8381234407424927},"size":0.9706827402114868,"orthographic":false}